Seed,Test_RMSE
0,0.31457384314937564
1,0.28876455088178066
2,0.38129375702153595
3,0.37049868613961195
4,0.3266205114297757
