Molecule,Predicted Dielectric Strength,Vibrational ZPE,Polarizability,Dipole Moment,Adiabatic IE,Cohesive Energy,Molecular Mass,Number e-,Molecular Volume
C5OF10,2.088684346300804,13100.0,10.74,0.3959,11.11,-6742.0,266.0,128.0,177.3
C3H2F4,0.9656609225054524,10370.0,6.228,1.25,10.58,-3694.0,114.0,56.0,97.14
N_CCF_CF3_2,1.8958734908679062,9904.0,8.755,1.487,12.2,-5138.0,195.0,94.0,141.6
C6F12,2.072130843050362,15040.0,11.86,0.2733,11.23,-7526.0,300.0,144.0,192.2
C4F8O,1.824034671344711,10600.0,8.7,0.2273,10.87,-5397.0,216.0,104.0,144.4
C2F6O,1.1420637705087646,7028.0,5.5,0.04854,12.86,-3605.0,154.0,74.0,101.2
C6F12O,2.0653451656176802,15650.0,12.73,0.5174,10.97,-7998.0,316.0,152.0,208.3
